-- phpMyAdmin SQL Dump
-- version 5.1.1
-- https://www.phpmyadmin.net/
--
-- Host: localhost:3306
-- Generation Time: Apr 03, 2022 at 11:24 PM
-- Server version: 5.7.33
-- PHP Version: 7.4.19

SET SQL_MODE = "NO_AUTO_VALUE_ON_ZERO";
START TRANSACTION;
SET time_zone = "+00:00";


/*!40101 SET @OLD_CHARACTER_SET_CLIENT=@@CHARACTER_SET_CLIENT */;
/*!40101 SET @OLD_CHARACTER_SET_RESULTS=@@CHARACTER_SET_RESULTS */;
/*!40101 SET @OLD_COLLATION_CONNECTION=@@COLLATION_CONNECTION */;
/*!40101 SET NAMES utf8mb4 */;

--
-- Database: `remake`
--

-- --------------------------------------------------------

--
-- Table structure for table `events`
--

CREATE TABLE `events` (
  `id` int(10) UNSIGNED NOT NULL,
  `title` varchar(191) COLLATE utf8mb4_unicode_ci NOT NULL,
  `start` datetime NOT NULL,
  `end` datetime NOT NULL,
  `info` longtext CHARACTER SET utf8mb4 COLLATE utf8mb4_bin,
  `created_at` timestamp NULL DEFAULT NULL,
  `updated_at` timestamp NULL DEFAULT NULL
) ENGINE=MyISAM DEFAULT CHARSET=utf8mb4 COLLATE=utf8mb4_unicode_ci;

--
-- Dumping data for table `events`
--

INSERT INTO `events` (`id`, `title`, `start`, `end`, `info`, `created_at`, `updated_at`) VALUES
(1, 'Imlek', '2020-01-25 00:00:00', '2020-01-26 00:00:00', NULL, '2020-01-29 21:14:19', '2020-01-29 21:14:19'),
(2, 'Isra Miraj', '2020-03-22 00:00:00', '2020-03-23 00:00:00', NULL, '2020-01-29 21:14:19', '2020-01-29 21:14:19'),
(3, 'Hari Raya Nyepi', '2020-03-25 00:00:00', '2020-03-26 00:00:00', NULL, '2020-01-29 21:14:19', '2020-01-29 21:14:19'),
(4, 'Cuti Bersama', '2020-05-22 00:00:00', '2020-05-23 00:00:00', NULL, '2020-01-29 21:14:19', '2020-01-29 21:14:19'),
(5, 'Cuti Bersama', '2020-05-26 00:00:00', '2020-05-27 00:00:00', NULL, '2020-01-29 21:14:19', '2020-01-29 21:14:19'),
(6, 'Cuti Bersama', '2020-05-27 00:00:00', '2020-05-28 00:00:00', NULL, '2020-01-29 21:14:19', '2020-01-29 21:14:19'),
(7, 'Idul Adha', '2020-07-31 00:00:00', '2020-08-01 00:00:00', NULL, '2020-01-29 21:14:19', '2020-01-29 21:14:19'),
(8, 'Muharram', '2020-08-20 00:00:00', '2020-08-21 00:00:00', NULL, '2020-01-29 21:14:19', '2020-01-29 21:14:19'),
(9, 'Cuti Bersama', '2020-12-24 00:00:00', '2020-12-25 00:00:00', NULL, '2020-01-29 21:14:19', '2020-01-29 21:14:19'),
(10, 'Imlek', '2021-02-12 00:00:00', '2021-02-13 00:00:00', NULL, '2020-01-29 21:14:19', '2020-01-29 21:14:19'),
(11, 'Isra Miraj', '2021-03-11 00:00:00', '2021-03-12 00:00:00', NULL, '2020-01-29 21:14:19', '2020-01-29 21:14:19'),
(12, 'Hari Raya Nyepi', '2021-03-14 00:00:00', '2021-03-15 00:00:00', NULL, '2020-01-29 21:14:19', '2020-01-29 21:14:19'),
(13, 'Wafat Isa Al-Masih', '2021-04-02 00:00:00', '2021-04-03 00:00:00', NULL, '2020-01-29 21:14:19', '2020-01-29 21:14:19'),
(14, 'Hari Buruh', '2021-05-01 00:00:00', '2021-05-02 00:00:00', NULL, '2020-01-29 21:14:19', '2020-01-29 21:14:19'),
(15, 'Hari Raya Puasa', '2021-05-13 00:00:00', '2021-05-14 00:00:00', NULL, '2020-01-29 21:14:19', '2020-01-29 21:14:19'),
(16, 'Ascension Day', '2021-05-13 00:00:00', '2021-05-14 00:00:00', NULL, '2020-01-29 21:14:19', '2020-01-29 21:14:19'),
(17, 'Hari Raya Puasa Holiday', '2021-05-14 00:00:00', '2021-05-15 00:00:00', NULL, '2020-01-29 21:14:19', '2020-01-29 21:14:19'),
(18, 'Waisak Day', '2021-05-26 00:00:00', '2021-05-27 00:00:00', NULL, '2020-01-29 21:14:19', '2020-01-29 21:14:19'),
(19, 'Pancasila Day', '2021-06-01 00:00:00', '2021-06-02 00:00:00', NULL, '2020-01-29 21:14:19', '2020-01-29 21:14:19'),
(20, 'Idul Adha', '2021-07-20 00:00:00', '2021-07-21 00:00:00', NULL, '2020-01-29 21:14:19', '2020-01-29 21:14:19'),
(21, 'Muharram', '2021-08-10 00:00:00', '2021-08-11 00:00:00', NULL, '2020-01-29 21:14:19', '2020-01-29 21:14:19'),
(22, 'Independence Day', '2021-08-17 00:00:00', '2021-08-18 00:00:00', NULL, '2020-01-29 21:14:19', '2020-01-29 21:14:19'),
(23, 'Maulidur Rasul', '2021-10-19 00:00:00', '2021-10-20 00:00:00', NULL, '2020-01-29 21:14:19', '2020-01-29 21:14:19'),
(24, 'New Year\'s Day', '2022-01-01 00:00:00', '2022-01-02 00:00:00', NULL, '2020-01-29 21:14:19', '2020-01-29 21:14:19'),
(25, 'Imlek', '2022-02-01 00:00:00', '2022-02-02 00:00:00', NULL, '2020-01-29 21:14:19', '2020-01-29 21:14:19'),
(26, 'Isra Miraj', '2022-03-01 00:00:00', '2022-03-02 00:00:00', NULL, '2020-01-29 21:14:19', '2020-01-29 21:14:19'),
(27, 'Hari Raya Nyepi', '2022-03-03 00:00:00', '2022-03-04 00:00:00', NULL, '2020-01-29 21:14:19', '2020-01-29 21:14:19'),
(28, 'Wafat Isa Al-Masih', '2022-04-15 00:00:00', '2022-04-16 00:00:00', NULL, '2020-01-29 21:14:19', '2020-01-29 21:14:19'),
(29, 'Hari Buruh', '2022-05-01 00:00:00', '2022-05-02 00:00:00', NULL, '2020-01-29 21:14:19', '2020-01-29 21:14:19'),
(30, 'Cuti Bersama', '2022-05-02 00:00:00', '2022-05-03 00:00:00', NULL, '2020-01-29 21:14:19', '2020-01-29 21:14:19'),
(31, 'Hari Raya Puasa', '2022-05-03 00:00:00', '2022-05-04 00:00:00', NULL, '2020-01-29 21:14:19', '2020-01-29 21:14:19'),
(32, 'Hari Raya Puasa Holiday', '2022-05-04 00:00:00', '2022-05-05 00:00:00', NULL, '2020-01-29 21:14:19', '2020-01-29 21:14:19'),
(33, 'Cuti Bersama', '2022-05-05 00:00:00', '2022-05-06 00:00:00', NULL, '2020-01-29 21:14:19', '2020-01-29 21:14:19'),
(34, 'Cuti Bersama', '2022-05-06 00:00:00', '2022-05-07 00:00:00', NULL, '2020-01-29 21:14:19', '2020-01-29 21:14:19'),
(35, 'Waisak Day', '2022-05-16 00:00:00', '2022-05-17 00:00:00', NULL, '2020-01-29 21:14:19', '2020-01-29 21:14:19'),
(36, 'Ascension Day', '2022-05-26 00:00:00', '2022-05-27 00:00:00', NULL, '2020-01-29 21:14:19', '2020-01-29 21:14:19'),
(37, 'Pancasila Day', '2022-06-01 00:00:00', '2022-06-02 00:00:00', NULL, '2020-01-29 21:14:19', '2020-01-29 21:14:19'),
(38, 'Idul Adha', '2022-07-10 00:00:00', '2022-07-11 00:00:00', NULL, '2020-01-29 21:14:19', '2020-01-29 21:14:19'),
(39, 'Muharram', '2022-07-31 00:00:00', '2022-08-01 00:00:00', NULL, '2020-01-29 21:14:19', '2020-01-29 21:14:19'),
(40, 'Independence Day', '2022-08-17 00:00:00', '2022-08-18 00:00:00', NULL, '2020-01-29 21:14:19', '2020-01-29 21:14:19'),
(41, 'Maulud Nabi', '2022-10-09 00:00:00', '2022-10-10 00:00:00', NULL, '2020-01-29 21:14:19', '2020-01-29 21:14:19'),
(42, 'Christmas Day', '2022-12-25 00:00:00', '2022-12-26 00:00:00', NULL, '2020-01-29 21:14:19', '2020-01-29 21:14:19'),
(43, 'Cuti Bersama', '2022-12-26 00:00:00', '2022-12-27 00:00:00', NULL, '2020-01-29 21:14:19', '2020-01-29 21:14:19'),
(44, 'Wafat Isa Al-Masih', '2020-04-10 00:00:00', '2020-04-11 00:00:00', NULL, '2020-01-29 21:14:19', '2020-01-29 21:14:19'),
(45, 'Hari Paskah', '2020-04-12 00:00:00', '2020-04-13 00:00:00', NULL, '2020-01-29 21:14:19', '2020-01-29 21:14:19'),
(46, 'Hari buruh', '2020-05-01 00:00:00', '2020-05-02 00:00:00', NULL, '2020-01-29 21:14:19', '2020-01-29 21:14:19'),
(47, 'Waisak', '2020-05-07 00:00:00', '2020-05-08 00:00:00', NULL, '2020-01-29 21:14:19', '2020-01-29 21:14:19'),
(48, 'Kenaikan Yesus Kristus', '2020-05-21 00:00:00', '2020-05-22 00:00:00', NULL, '2020-01-29 21:14:19', '2020-01-29 21:14:19'),
(49, 'Idul Fitri', '2020-05-24 00:00:00', '2020-05-25 00:00:00', NULL, '2020-01-29 21:14:19', '2020-01-29 21:14:19'),
(50, 'Idul Fitri', '2020-05-25 00:00:00', '2020-05-26 00:00:00', NULL, '2020-01-29 21:14:19', '2020-01-29 21:14:19'),
(51, 'Hari Lahir Pancasila', '2020-06-01 00:00:00', '2020-06-02 00:00:00', NULL, '2020-01-29 21:14:19', '2020-01-29 21:14:19'),
(52, 'Hari Proklamasi Kemerdekaan R.I.', '2020-08-17 00:00:00', '2020-08-18 00:00:00', NULL, '2020-01-29 21:14:19', '2020-01-29 21:14:19'),
(53, 'Maulud Nabi Muhammad', '2020-10-29 00:00:00', '2020-10-30 00:00:00', NULL, '2020-01-29 21:14:19', '2020-01-29 21:14:19'),
(54, 'Hari Natal', '2020-12-25 00:00:00', '2020-12-26 00:00:00', NULL, '2020-01-29 21:14:19', '2020-01-29 21:14:19'),
(55, 'Hari Tahun Baru', '2021-01-01 00:00:00', '2021-01-02 00:00:00', NULL, '2020-01-29 21:14:19', '2020-01-29 21:14:19'),
(56, 'Christmas Day', '2021-12-25 00:00:00', '2021-12-26 00:00:00', NULL, '2020-01-29 21:14:19', '2020-01-29 21:14:19'),
(57, 'Malam Natal', '2021-12-24 00:00:00', '2021-12-25 00:00:00', NULL, '2020-01-29 21:14:19', '2020-01-29 21:14:19'),
(58, 'Tahun Baru', '2020-01-01 00:00:00', '2020-01-02 00:00:00', NULL, '2020-01-29 21:14:19', '2020-01-29 21:14:19'),
(59, 'Riktu', '2020-08-12 00:00:00', '2020-08-19 00:00:00', '{\"user_id\":6,\"type\":\"spt\",\"jenis\":\"pengawasan\",\"spt_id\":1}', '2020-12-01 19:56:11', '2020-12-01 19:56:11'),
(60, 'Riktu', '2020-08-12 00:00:00', '2020-08-19 00:00:00', '{\"user_id\":6,\"type\":\"spt\",\"jenis\":\"pengawasan\",\"spt_id\":2}', '2020-12-01 21:37:35', '2020-12-01 21:37:35'),
(61, 'Riktu', '2020-08-12 00:00:00', '2020-08-19 00:00:00', '{\"user_id\":6,\"type\":\"spt\",\"jenis\":\"pengawasan\",\"spt_id\":3}', '2020-12-01 21:40:26', '2020-12-01 21:40:26'),
(62, 'Riktu', '2020-08-05 00:00:00', '2020-08-11 00:00:00', '{\"user_id\":6,\"type\":\"spt\",\"jenis\":\"pengawasan\",\"spt_id\":4}', '2020-12-01 22:51:46', '2020-12-01 22:51:46'),
(63, 'Riktu', '2020-08-05 00:00:00', '2020-08-11 00:00:00', '{\"user_id\":6,\"type\":\"spt\",\"jenis\":\"pengawasan\",\"spt_id\":5}', '2020-12-01 22:53:14', '2020-12-01 22:53:14'),
(64, 'Riktu', '2020-08-05 00:00:00', '2020-08-11 00:00:00', '{\"user_id\":6,\"type\":\"spt\",\"jenis\":\"pengawasan\",\"spt_id\":6}', '2020-12-01 22:55:39', '2020-12-01 22:55:39'),
(65, 'Riktu', '2020-07-28 00:00:00', '2020-08-04 00:00:00', '{\"user_id\":6,\"type\":\"spt\",\"jenis\":\"pengawasan\",\"spt_id\":7}', '2020-12-01 22:58:07', '2020-12-01 22:58:07'),
(66, 'Riktu', '2020-07-28 00:00:00', '2020-08-04 00:00:00', '{\"user_id\":6,\"type\":\"spt\",\"jenis\":\"pengawasan\",\"spt_id\":8}', '2020-12-01 23:01:48', '2020-12-01 23:01:48'),
(67, 'Riktu', '2020-07-27 00:00:00', '2020-08-06 00:00:00', '{\"user_id\":6,\"type\":\"spt\",\"jenis\":\"pengawasan\",\"spt_id\":9}', '2020-12-01 23:03:45', '2020-12-01 23:03:45'),
(68, 'Riktu', '2020-07-27 00:00:00', '2020-08-06 00:00:00', '{\"user_id\":6,\"type\":\"spt\",\"jenis\":\"pengawasan\",\"spt_id\":10}', '2020-12-01 23:08:07', '2020-12-01 23:08:07'),
(69, 'Riktu', '2020-07-27 00:00:00', '2020-08-06 00:00:00', '{\"user_id\":6,\"type\":\"spt\",\"jenis\":\"pengawasan\",\"spt_id\":11}', '2020-12-02 01:39:47', '2020-12-02 01:39:47'),
(70, 'Riktu', '2020-07-27 00:00:00', '2020-08-06 00:00:00', '{\"user_id\":6,\"type\":\"spt\",\"jenis\":\"pengawasan\",\"spt_id\":12}', '2020-12-02 01:48:33', '2020-12-02 01:48:33'),
(71, 'Riktu', '2020-07-21 00:00:00', '2020-07-27 00:00:00', '{\"user_id\":6,\"type\":\"spt\",\"jenis\":\"pengawasan\",\"spt_id\":13}', '2020-12-02 01:52:46', '2020-12-02 01:52:46'),
(72, 'Riktu', '2020-07-21 00:00:00', '2020-07-27 00:00:00', '{\"user_id\":6,\"type\":\"spt\",\"jenis\":\"pengawasan\",\"spt_id\":14}', '2020-12-02 01:57:59', '2020-12-02 01:57:59'),
(73, 'Riktu', '2020-07-21 00:00:00', '2020-07-27 00:00:00', '{\"user_id\":6,\"type\":\"spt\",\"jenis\":\"pengawasan\",\"spt_id\":15}', '2020-12-02 18:32:53', '2020-12-02 18:32:53'),
(74, 'Riktu', '2020-07-14 00:00:00', '2020-07-20 00:00:00', '{\"user_id\":6,\"type\":\"spt\",\"jenis\":\"pengawasan\",\"spt_id\":16}', '2020-12-02 18:34:44', '2020-12-02 18:34:44'),
(75, 'Riktu', '2020-07-14 00:00:00', '2020-07-20 00:00:00', '{\"user_id\":6,\"type\":\"spt\",\"jenis\":\"pengawasan\",\"spt_id\":17}', '2020-12-02 18:36:31', '2020-12-02 18:36:31'),
(76, 'Riktu', '2020-07-06 00:00:00', '2020-07-10 00:00:00', '{\"user_id\":6,\"type\":\"spt\",\"jenis\":\"pengawasan\",\"spt_id\":18}', '2020-12-02 18:38:52', '2020-12-02 18:38:52'),
(77, 'Riktu', '2020-07-06 00:00:00', '2020-07-10 00:00:00', '{\"user_id\":6,\"type\":\"spt\",\"jenis\":\"pengawasan\",\"spt_id\":19}', '2020-12-02 18:40:49', '2020-12-02 18:40:49'),
(78, 'Riktu', '2020-07-06 00:00:00', '2020-07-10 00:00:00', '{\"user_id\":6,\"type\":\"spt\",\"jenis\":\"pengawasan\",\"spt_id\":20}', '2020-12-02 18:42:58', '2020-12-02 18:42:58'),
(79, 'Riktu', '2020-07-06 00:00:00', '2020-07-10 00:00:00', '{\"user_id\":6,\"type\":\"spt\",\"jenis\":\"pengawasan\",\"spt_id\":21}', '2020-12-02 18:45:16', '2020-12-02 18:45:16'),
(80, 'Riktu', '2020-07-07 00:00:00', '2020-07-13 00:00:00', '{\"user_id\":6,\"type\":\"spt\",\"jenis\":\"pengawasan\",\"spt_id\":22}', '2020-12-02 18:46:51', '2020-12-02 18:46:51'),
(81, 'Riktu', '2020-07-07 00:00:00', '2020-07-13 00:00:00', '{\"user_id\":6,\"type\":\"spt\",\"jenis\":\"pengawasan\",\"spt_id\":23}', '2020-12-02 18:48:13', '2020-12-02 18:48:13'),
(82, 'Riktu', '2020-07-07 00:00:00', '2020-07-13 00:00:00', '{\"user_id\":6,\"type\":\"spt\",\"jenis\":\"pengawasan\",\"spt_id\":24}', '2020-12-02 18:49:46', '2020-12-02 18:49:46'),
(83, 'Evaluasi PMPZI', '2020-07-01 00:00:00', '2020-07-15 00:00:00', '{\"user_id\":99,\"type\":\"spt\",\"jenis\":\"pengawasan\",\"spt_id\":25}', '2020-12-06 19:40:23', '2020-12-06 19:40:23'),
(84, 'Evaluasi PMPZI', '2020-07-16 00:00:00', '2020-07-24 00:00:00', '{\"user_id\":99,\"type\":\"spt\",\"jenis\":\"pengawasan\",\"spt_id\":26}', '2020-12-06 19:47:17', '2020-12-06 19:47:17'),
(85, 'Evaluasi SAKIP', '2020-06-22 00:00:00', '2020-07-17 00:00:00', '{\"user_id\":99,\"type\":\"spt\",\"jenis\":\"pengawasan\",\"spt_id\":27}', '2020-12-07 00:54:07', '2020-12-07 00:54:07'),
(86, 'Evaluasi SAKIP', '2020-07-20 00:00:00', '2020-07-30 00:00:00', '{\"user_id\":99,\"type\":\"spt\",\"jenis\":\"pengawasan\",\"spt_id\":28}', '2020-12-07 00:56:38', '2020-12-07 00:56:38'),
(87, 'Evaluasi SAKIP', '2020-08-03 00:00:00', '2020-08-31 00:00:00', '{\"user_id\":99,\"type\":\"spt\",\"jenis\":\"pengawasan\",\"spt_id\":29}', '2020-12-07 01:04:32', '2020-12-07 01:04:32'),
(88, 'Evaluasi SAKIP', '2020-06-22 00:00:00', '2020-07-17 00:00:00', '{\"user_id\":99,\"type\":\"spt\",\"jenis\":\"pengawasan\",\"spt_id\":30}', '2020-12-07 01:06:35', '2020-12-07 01:06:35'),
(89, 'Evaluasi SAKIP', '2020-07-20 00:00:00', '2020-07-30 00:00:00', '{\"user_id\":99,\"type\":\"spt\",\"jenis\":\"pengawasan\",\"spt_id\":31}', '2020-12-07 01:08:05', '2020-12-07 01:08:05'),
(90, 'Evaluasi SAKIP', '2020-08-03 00:00:00', '2020-08-31 00:00:00', '{\"user_id\":99,\"type\":\"spt\",\"jenis\":\"pengawasan\",\"spt_id\":32}', '2020-12-07 01:10:01', '2020-12-07 01:10:01'),
(91, 'Reviu RKAP', '2020-08-14 00:00:00', '2020-09-09 00:00:00', '{\"user_id\":99,\"type\":\"spt\",\"jenis\":\"pengawasan\",\"spt_id\":33}', '2020-12-07 18:15:04', '2020-12-07 18:15:04'),
(92, 'Reviu RKAP', '2020-08-14 00:00:00', '2020-09-09 00:00:00', '{\"user_id\":99,\"type\":\"spt\",\"jenis\":\"pengawasan\",\"spt_id\":34}', '2020-12-07 18:17:20', '2020-12-07 18:17:20'),
(93, 'Reviu RKAP', '2020-08-14 00:00:00', '2020-09-09 00:00:00', '{\"user_id\":99,\"type\":\"spt\",\"jenis\":\"pengawasan\",\"spt_id\":35}', '2020-12-07 18:19:48', '2020-12-07 18:19:48'),
(94, 'Reviu RKAP', '2020-08-14 00:00:00', '2020-09-09 00:00:00', '{\"user_id\":99,\"type\":\"spt\",\"jenis\":\"pengawasan\",\"spt_id\":36}', '2020-12-07 18:22:24', '2020-12-07 18:22:24'),
(95, 'Review Harga Perkiraan Sendiri (HPS)', '2020-08-07 00:00:00', '2020-08-13 00:00:00', '{\"user_id\":99,\"type\":\"spt\",\"jenis\":\"pengawasan\",\"spt_id\":37}', '2020-12-07 18:30:54', '2020-12-07 18:30:54'),
(96, 'Reviu (DAK) Fisik', '2020-08-07 00:00:00', '2020-08-13 00:00:00', '{\"user_id\":99,\"type\":\"spt\",\"jenis\":\"pengawasan\",\"spt_id\":38}', '2020-12-07 18:32:58', '2020-12-07 18:32:58'),
(97, 'Reviu RKPD', '2020-07-22 00:00:00', '2020-07-27 00:00:00', '{\"user_id\":99,\"type\":\"spt\",\"jenis\":\"pengawasan\",\"spt_id\":39}', '2020-12-07 18:37:08', '2020-12-07 18:37:08'),
(98, 'Reviu RKAP', '2020-08-24 00:00:00', '2020-09-04 00:00:00', '{\"user_id\":99,\"type\":\"spt\",\"jenis\":\"pengawasan\",\"spt_id\":40}', '2020-12-07 18:40:23', '2020-12-07 18:40:23'),
(99, 'Reviu RKAP', '2020-08-24 00:00:00', '2020-09-04 00:00:00', '{\"user_id\":99,\"type\":\"spt\",\"jenis\":\"pengawasan\",\"spt_id\":41}', '2020-12-07 18:42:54', '2020-12-07 18:42:54'),
(100, 'Reviu RKAP', '2020-08-24 00:00:00', '2020-09-04 00:00:00', '{\"user_id\":99,\"type\":\"spt\",\"jenis\":\"pengawasan\",\"spt_id\":42}', '2020-12-07 18:45:05', '2020-12-07 18:45:05'),
(101, 'Reviu RKAP', '2020-08-24 00:00:00', '2020-09-04 00:00:00', '{\"user_id\":99,\"type\":\"spt\",\"jenis\":\"pengawasan\",\"spt_id\":43}', '2020-12-07 18:46:41', '2020-12-07 18:46:41'),
(102, 'Riktu', '2020-08-13 00:00:00', '2020-08-31 00:00:00', '{\"user_id\":99,\"type\":\"spt\",\"jenis\":\"pengawasan\",\"spt_id\":44}', '2020-12-09 18:12:22', '2020-12-09 18:12:22'),
(103, 'TGR', '2020-08-07 00:00:00', '2020-08-13 00:00:00', '{\"user_id\":99,\"type\":\"spt\",\"jenis\":\"pengawasan\",\"spt_id\":45}', '2020-12-09 18:58:45', '2020-12-09 18:58:45'),
(104, 'Perceraian', '2020-08-13 00:00:00', '2020-08-24 00:00:00', '{\"user_id\":99,\"type\":\"spt\",\"jenis\":\"pengawasan\",\"spt_id\":46}', '2020-12-14 01:47:49', '2020-12-14 01:47:49'),
(105, 'Perceraian', '2020-07-29 00:00:00', '2020-08-05 00:00:00', '{\"user_id\":99,\"type\":\"spt\",\"jenis\":\"pengawasan\",\"spt_id\":47}', '2020-12-14 01:52:49', '2020-12-14 01:52:49'),
(106, 'Perceraian', '2020-07-01 00:00:00', '2020-07-07 00:00:00', '{\"user_id\":99,\"type\":\"spt\",\"jenis\":\"pengawasan\",\"spt_id\":48}', '2020-12-14 01:57:43', '2020-12-14 01:57:43'),
(107, 'Perceraian', '2020-07-08 00:00:00', '2020-07-14 00:00:00', '{\"user_id\":99,\"type\":\"spt\",\"jenis\":\"pengawasan\",\"spt_id\":49}', '2020-12-14 02:00:51', '2020-12-14 02:00:51'),
(108, 'Perceraian', '2020-07-22 00:00:00', '2020-07-28 00:00:00', '{\"user_id\":99,\"type\":\"spt\",\"jenis\":\"pengawasan\",\"spt_id\":50}', '2020-12-14 02:03:22', '2020-12-14 02:03:22'),
(109, 'Kasus', '2020-08-13 00:00:00', '2020-09-07 00:00:00', '{\"user_id\":6,\"type\":\"spt\",\"jenis\":\"pengawasan\",\"spt_id\":51}', '2020-12-15 00:01:41', '2020-12-15 00:01:41'),
(110, 'Kasus', '2020-08-04 00:00:00', '2020-08-12 00:00:00', '{\"user_id\":6,\"type\":\"spt\",\"jenis\":\"pengawasan\",\"spt_id\":52}', '2020-12-15 00:02:05', '2020-12-15 00:02:05'),
(111, 'Kasus', '2020-08-04 00:00:00', '2020-08-12 00:00:00', '{\"user_id\":6,\"type\":\"spt\",\"jenis\":\"pengawasan\",\"spt_id\":53}', '2020-12-15 00:08:45', '2020-12-15 00:08:45'),
(112, 'Kasus', '2020-07-29 00:00:00', '2020-08-03 00:00:00', '{\"user_id\":6,\"type\":\"spt\",\"jenis\":\"pengawasan\",\"spt_id\":54}', '2020-12-15 00:13:58', '2020-12-15 00:13:58'),
(113, 'Riktu', '2020-11-16 00:00:00', '2020-11-24 00:00:00', '{\"user_id\":99,\"type\":\"spt\",\"jenis\":\"pengawasan\",\"spt_id\":55}', '2020-12-16 19:29:54', '2020-12-16 19:29:54'),
(114, 'Riktu', '2020-12-15 00:00:00', '2020-12-21 00:00:00', '{\"user_id\":99,\"type\":\"spt\",\"jenis\":\"pengawasan\",\"spt_id\":56}', '2020-12-16 20:16:07', '2020-12-16 20:16:07'),
(115, 'TGR', '2020-12-07 00:00:00', '2020-12-14 00:00:00', '{\"user_id\":99,\"type\":\"spt\",\"jenis\":\"pengawasan\",\"spt_id\":57}', '2020-12-16 20:27:39', '2020-12-16 20:27:39'),
(116, 'Riktu', '2020-12-04 00:00:00', '2020-12-15 00:00:00', '{\"user_id\":99,\"type\":\"spt\",\"jenis\":\"pengawasan\",\"spt_id\":58}', '2020-12-16 20:37:21', '2020-12-16 20:37:21'),
(117, 'TGR', '2020-11-30 00:00:00', '2020-12-04 00:00:00', '{\"user_id\":99,\"type\":\"spt\",\"jenis\":\"pengawasan\",\"spt_id\":62}', '2020-12-16 20:45:26', '2020-12-16 20:45:26'),
(118, 'TGR', '2020-11-23 00:00:00', '2020-12-27 00:00:00', '{\"user_id\":99,\"type\":\"spt\",\"jenis\":\"pengawasan\",\"spt_id\":63}', '2020-12-16 20:52:45', '2020-12-16 20:52:45'),
(119, 'Riktu', '2020-11-25 00:00:00', '2020-12-03 00:00:00', '{\"user_id\":99,\"type\":\"spt\",\"jenis\":\"pengawasan\",\"spt_id\":64}', '2020-12-16 20:56:25', '2020-12-16 20:56:25'),
(120, 'Riktu', '2020-10-14 00:00:00', '2020-10-27 00:00:00', '{\"user_id\":99,\"type\":\"spt\",\"jenis\":\"pengawasan\",\"spt_id\":65}', '2020-12-16 21:04:51', '2020-12-16 21:04:51'),
(121, 'Riktu', '2020-10-14 00:00:00', '2020-10-27 00:00:00', '{\"user_id\":99,\"type\":\"spt\",\"jenis\":\"pengawasan\",\"spt_id\":67}', '2020-12-16 21:08:40', '2020-12-16 21:08:40'),
(122, 'Riktu', '2020-10-14 00:00:00', '2020-10-27 00:00:00', '{\"user_id\":99,\"type\":\"spt\",\"jenis\":\"pengawasan\",\"spt_id\":68}', '2020-12-16 21:11:42', '2020-12-16 21:11:42'),
(123, 'Riktu', '2020-11-27 00:00:00', '2020-12-08 00:00:00', '{\"user_id\":99,\"type\":\"spt\",\"jenis\":\"pengawasan\",\"spt_id\":69}', '2020-12-16 21:20:18', '2020-12-16 21:20:18'),
(124, 'Riktu', '2020-09-28 00:00:00', '2020-10-02 00:00:00', '{\"user_id\":99,\"type\":\"spt\",\"jenis\":\"pengawasan\",\"spt_id\":70}', '2020-12-16 21:24:05', '2020-12-16 21:24:05'),
(125, 'Riktu', '2020-09-21 00:00:00', '2020-09-25 00:00:00', '{\"user_id\":99,\"type\":\"spt\",\"jenis\":\"pengawasan\",\"spt_id\":71}', '2020-12-16 21:26:40', '2020-12-16 21:26:40'),
(126, 'Riktu', '2020-09-10 00:00:00', '2020-09-18 00:00:00', '{\"user_id\":99,\"type\":\"spt\",\"jenis\":\"pengawasan\",\"spt_id\":72}', '2020-12-16 21:29:57', '2020-12-16 21:29:57'),
(127, 'Riktu', '2020-09-21 00:00:00', '2020-09-25 00:00:00', '{\"user_id\":99,\"type\":\"spt\",\"jenis\":\"pengawasan\",\"spt_id\":73}', '2020-12-16 21:32:25', '2020-12-16 21:32:25'),
(128, 'Perceraian', '2020-08-25 00:00:00', '2020-08-31 00:00:00', '{\"user_id\":99,\"type\":\"spt\",\"jenis\":\"pengawasan\",\"spt_id\":74}', '2020-12-16 21:37:39', '2020-12-16 21:37:39'),
(129, 'Riktu', '2020-09-21 00:00:00', '2020-09-25 00:00:00', '{\"user_id\":99,\"type\":\"spt\",\"jenis\":\"pengawasan\",\"spt_id\":75}', '2020-12-16 21:43:06', '2020-12-16 21:43:06'),
(130, 'Kasus', '2020-07-01 00:00:00', '2020-07-07 00:00:00', '{\"user_id\":99,\"type\":\"spt\",\"jenis\":\"pengawasan\",\"spt_id\":77}', '2020-12-16 21:59:34', '2020-12-16 21:59:34'),
(131, 'Perceraian', '2020-08-13 00:00:00', '2020-08-24 00:00:00', '{\"user_id\":99,\"type\":\"spt\",\"jenis\":\"pengawasan\",\"spt_id\":76}', '2020-12-16 22:00:50', '2020-12-16 22:00:50'),
(132, 'Kasus', '2020-07-08 00:00:00', '2020-07-14 00:00:00', '{\"user_id\":99,\"type\":\"spt\",\"jenis\":\"pengawasan\",\"spt_id\":78}', '2020-12-16 22:06:16', '2020-12-16 22:06:16'),
(133, 'Perceraian', '2020-07-08 00:00:00', '2020-12-14 00:00:00', '{\"user_id\":99,\"type\":\"spt\",\"jenis\":\"pengawasan\",\"spt_id\":79}', '2020-12-16 22:12:34', '2020-12-16 22:12:34'),
(134, 'Perceraian', '2020-07-08 00:00:00', '2020-12-14 00:00:00', '{\"user_id\":99,\"type\":\"spt\",\"jenis\":\"pengawasan\",\"spt_id\":79}', '2020-12-16 22:12:38', '2020-12-16 22:12:38'),
(135, 'Perceraian', '2020-07-08 00:00:00', '2020-12-14 00:00:00', '{\"user_id\":99,\"type\":\"spt\",\"jenis\":\"pengawasan\",\"spt_id\":79}', '2020-12-16 22:12:42', '2020-12-16 22:12:42'),
(136, 'Perceraian', '2020-07-08 00:00:00', '2020-12-14 00:00:00', '{\"user_id\":99,\"type\":\"spt\",\"jenis\":\"pengawasan\",\"spt_id\":79}', '2020-12-16 22:12:56', '2020-12-16 22:12:56'),
(137, 'Kasus', '2020-07-15 00:00:00', '2020-07-21 00:00:00', '{\"user_id\":99,\"type\":\"spt\",\"jenis\":\"pengawasan\",\"spt_id\":80}', '2020-12-16 22:19:56', '2020-12-16 22:19:56'),
(138, 'Kasus', '2020-12-10 00:00:00', '2020-12-21 00:00:00', '{\"user_id\":99,\"type\":\"spt\",\"jenis\":\"pengawasan\",\"spt_id\":81}', '2020-12-16 23:02:42', '2020-12-16 23:02:42'),
(139, 'Perceraian', '2020-11-18 00:00:00', '2020-11-24 00:00:00', '{\"user_id\":99,\"type\":\"spt\",\"jenis\":\"pengawasan\",\"spt_id\":82}', '2020-12-16 23:09:15', '2020-12-16 23:09:15'),
(140, 'Kasus', '2020-11-17 00:00:00', '2020-11-26 00:00:00', '{\"user_id\":99,\"type\":\"spt\",\"jenis\":\"pengawasan\",\"spt_id\":83}', '2020-12-16 23:33:16', '2020-12-16 23:33:16'),
(141, 'Kasus', '2020-11-17 00:00:00', '2020-11-26 00:00:00', '{\"user_id\":99,\"type\":\"spt\",\"jenis\":\"pengawasan\",\"spt_id\":84}', '2020-12-17 00:00:46', '2020-12-17 00:00:46'),
(142, 'Perceraian', '2020-11-11 00:00:00', '2020-11-17 00:00:00', '{\"user_id\":99,\"type\":\"spt\",\"jenis\":\"pengawasan\",\"spt_id\":85}', '2020-12-17 18:35:06', '2020-12-17 18:35:06'),
(143, 'Kasus', '2020-11-10 00:00:00', '2020-11-16 00:00:00', '{\"user_id\":99,\"type\":\"spt\",\"jenis\":\"pengawasan\",\"spt_id\":86}', '2020-12-17 18:44:34', '2020-12-17 18:44:34'),
(144, 'Kasus', '2020-11-10 00:00:00', '2020-11-16 00:00:00', '{\"user_id\":99,\"type\":\"spt\",\"jenis\":\"pengawasan\",\"spt_id\":87}', '2020-12-17 18:46:20', '2020-12-17 18:46:20'),
(145, 'Kasus', '2020-11-10 00:00:00', '2020-11-16 00:00:00', '{\"user_id\":99,\"type\":\"spt\",\"jenis\":\"pengawasan\",\"spt_id\":88}', '2020-12-17 18:50:12', '2020-12-17 18:50:12'),
(146, 'Perceraian', '2020-11-04 00:00:00', '2020-11-10 00:00:00', '{\"user_id\":99,\"type\":\"spt\",\"jenis\":\"pengawasan\",\"spt_id\":89}', '2020-12-17 18:58:47', '2020-12-17 18:58:47'),
(147, 'Kasus', '2020-10-15 00:00:00', '2020-11-09 00:00:00', '{\"user_id\":99,\"type\":\"spt\",\"jenis\":\"pengawasan\",\"spt_id\":90}', '2020-12-17 19:05:11', '2020-12-17 19:05:11'),
(148, 'Kasus', '2020-10-05 00:00:00', '2020-10-14 00:00:00', '{\"user_id\":99,\"type\":\"spt\",\"jenis\":\"pengawasan\",\"spt_id\":91}', '2020-12-17 19:12:06', '2020-12-17 19:12:06'),
(149, 'Kasus', '2020-10-05 00:00:00', '2020-10-14 00:00:00', '{\"user_id\":99,\"type\":\"spt\",\"jenis\":\"pengawasan\",\"spt_id\":92}', '2020-12-17 19:17:26', '2020-12-17 19:17:26'),
(150, 'Monitoring', '2020-07-27 00:00:00', '2020-08-06 00:00:00', '{\"user_id\":99,\"type\":\"spt\",\"jenis\":\"pengawasan\",\"spt_id\":93}', '2020-12-17 19:32:17', '2020-12-17 19:32:17'),
(151, 'Monitoring', '2020-09-10 00:00:00', '2020-09-20 00:00:00', '{\"user_id\":99,\"type\":\"spt\",\"jenis\":\"pengawasan\",\"spt_id\":94}', '2020-12-17 19:44:04', '2020-12-17 19:44:04'),
(152, 'Monitoring', '2020-08-12 00:00:00', '2020-08-19 00:00:00', '{\"user_id\":99,\"type\":\"spt\",\"jenis\":\"pengawasan\",\"spt_id\":95}', '2020-12-17 19:46:57', '2020-12-17 19:46:57'),
(153, 'Monitoring', '2020-08-12 00:00:00', '2020-08-19 00:00:00', '{\"user_id\":99,\"type\":\"spt\",\"jenis\":\"pengawasan\",\"spt_id\":96}', '2020-12-17 19:49:20', '2020-12-17 19:49:20'),
(154, 'Monitoring', '2020-08-12 00:00:00', '2020-08-19 00:00:00', '{\"user_id\":99,\"type\":\"spt\",\"jenis\":\"pengawasan\",\"spt_id\":97}', '2020-12-17 19:51:16', '2020-12-17 19:51:16'),
(155, 'Monitoring', '2020-08-05 00:00:00', '2020-08-11 00:00:00', '{\"user_id\":99,\"type\":\"spt\",\"jenis\":\"pengawasan\",\"spt_id\":98}', '2020-12-17 19:53:25', '2020-12-17 19:53:25'),
(156, 'Monitoring', '2020-08-05 00:00:00', '2020-08-11 00:00:00', '{\"user_id\":99,\"type\":\"spt\",\"jenis\":\"pengawasan\",\"spt_id\":99}', '2020-12-17 19:55:38', '2020-12-17 19:55:38'),
(157, 'Monitoring', '2020-08-05 00:00:00', '2020-08-11 00:00:00', '{\"user_id\":99,\"type\":\"spt\",\"jenis\":\"pengawasan\",\"spt_id\":100}', '2020-12-17 19:57:51', '2020-12-17 19:57:51'),
(158, 'Monitoring', '2020-07-28 00:00:00', '2020-08-04 00:00:00', '{\"user_id\":99,\"type\":\"spt\",\"jenis\":\"pengawasan\",\"spt_id\":101}', '2020-12-17 20:00:56', '2020-12-17 20:00:56'),
(159, 'Monitoring', '2020-07-28 00:00:00', '2020-08-04 00:00:00', '{\"user_id\":99,\"type\":\"spt\",\"jenis\":\"pengawasan\",\"spt_id\":102}', '2020-12-17 20:03:09', '2020-12-17 20:03:09'),
(160, 'Monitoring', '2020-07-27 00:00:00', '2020-08-06 00:00:00', '{\"user_id\":99,\"type\":\"spt\",\"jenis\":\"pengawasan\",\"spt_id\":103}', '2020-12-17 20:05:59', '2020-12-17 20:05:59'),
(161, 'Monitoring', '2020-07-27 00:00:00', '2020-08-06 00:00:00', '{\"user_id\":99,\"type\":\"spt\",\"jenis\":\"pengawasan\",\"spt_id\":104}', '2020-12-17 20:08:38', '2020-12-17 20:08:38'),
(162, 'Monitoring', '2020-07-27 00:00:00', '2020-08-06 00:00:00', '{\"user_id\":99,\"type\":\"spt\",\"jenis\":\"pengawasan\",\"spt_id\":105}', '2020-12-17 20:13:04', '2020-12-17 20:13:04'),
(163, 'Monitoring', '2020-07-21 00:00:00', '2020-07-27 00:00:00', '{\"user_id\":99,\"type\":\"spt\",\"jenis\":\"pengawasan\",\"spt_id\":106}', '2020-12-17 20:15:37', '2020-12-17 20:15:37'),
(164, 'Monitoring', '2020-07-21 00:00:00', '2020-07-27 00:00:00', '{\"user_id\":99,\"type\":\"spt\",\"jenis\":\"pengawasan\",\"spt_id\":107}', '2020-12-17 20:17:49', '2020-12-17 20:17:49'),
(165, 'Monitoring', '2020-07-21 00:00:00', '2020-07-27 00:00:00', '{\"user_id\":99,\"type\":\"spt\",\"jenis\":\"pengawasan\",\"spt_id\":108}', '2020-12-17 20:19:42', '2020-12-17 20:19:42'),
(166, 'Monitoring', '2020-07-14 00:00:00', '2020-07-20 00:00:00', '{\"user_id\":99,\"type\":\"spt\",\"jenis\":\"pengawasan\",\"spt_id\":109}', '2020-12-17 20:26:27', '2020-12-17 20:26:27'),
(167, 'Monitoring', '2020-07-06 00:00:00', '2020-07-10 00:00:00', '{\"user_id\":99,\"type\":\"spt\",\"jenis\":\"pengawasan\",\"spt_id\":110}', '2020-12-17 20:30:35', '2020-12-17 20:30:35'),
(168, 'Monitoring', '2020-07-06 00:00:00', '2020-07-10 00:00:00', '{\"user_id\":99,\"type\":\"spt\",\"jenis\":\"pengawasan\",\"spt_id\":111}', '2020-12-17 20:32:50', '2020-12-17 20:32:50'),
(169, 'Monitoring', '2020-07-06 00:00:00', '2020-07-10 00:00:00', '{\"user_id\":99,\"type\":\"spt\",\"jenis\":\"pengawasan\",\"spt_id\":112}', '2020-12-17 20:35:39', '2020-12-17 20:35:39'),
(170, 'Monitoring', '2020-07-06 00:00:00', '2020-07-10 00:00:00', '{\"user_id\":99,\"type\":\"spt\",\"jenis\":\"pengawasan\",\"spt_id\":113}', '2020-12-17 20:38:24', '2020-12-17 20:38:24'),
(171, 'Monitoring', '2020-07-07 00:00:00', '2020-07-13 00:00:00', '{\"user_id\":99,\"type\":\"spt\",\"jenis\":\"pengawasan\",\"spt_id\":114}', '2020-12-17 20:40:43', '2020-12-17 20:40:43'),
(172, 'Monitoring', '2020-09-07 00:00:00', '2020-09-11 00:00:00', '{\"user_id\":99,\"type\":\"spt\",\"jenis\":\"pengawasan\",\"spt_id\":115}', '2020-12-20 20:16:28', '2020-12-20 20:16:28'),
(173, 'Monitoring', '2020-09-14 00:00:00', '2020-09-16 00:00:00', '{\"user_id\":99,\"type\":\"spt\",\"jenis\":\"pengawasan\",\"spt_id\":116}', '2020-12-20 20:18:48', '2020-12-20 20:18:48'),
(174, 'Monitoring', '2020-09-07 00:00:00', '2020-09-11 00:00:00', '{\"user_id\":99,\"type\":\"spt\",\"jenis\":\"pengawasan\",\"spt_id\":117}', '2020-12-20 20:21:21', '2020-12-20 20:21:21'),
(175, 'Monitoring', '2020-09-14 00:00:00', '2020-09-16 00:00:00', '{\"user_id\":99,\"type\":\"spt\",\"jenis\":\"pengawasan\",\"spt_id\":118}', '2020-12-20 20:22:59', '2020-12-20 20:22:59'),
(176, 'Monitoring', '2020-09-07 00:00:00', '2020-09-11 00:00:00', '{\"user_id\":99,\"type\":\"spt\",\"jenis\":\"pengawasan\",\"spt_id\":119}', '2020-12-20 20:27:41', '2020-12-20 20:27:41'),
(177, 'Monitoring', '2020-09-14 00:00:00', '2020-09-16 00:00:00', '{\"user_id\":99,\"type\":\"spt\",\"jenis\":\"pengawasan\",\"spt_id\":120}', '2020-12-20 20:29:27', '2020-12-20 20:29:27'),
(178, 'Reviu (DAK) Fisik', '2020-11-30 00:00:00', '2020-12-04 00:00:00', '{\"user_id\":99,\"type\":\"spt\",\"jenis\":\"pengawasan\",\"spt_id\":121}', '2020-12-21 18:36:17', '2020-12-21 18:36:17'),
(179, 'Reviu (DAK) Fisik', '2020-12-14 00:00:00', '2020-12-15 00:00:00', '{\"user_id\":99,\"type\":\"spt\",\"jenis\":\"pengawasan\",\"spt_id\":122}', '2020-12-21 18:38:13', '2020-12-21 18:38:13'),
(180, 'Reviu (DAK) Fisik', '2020-11-30 00:00:00', '2020-12-04 00:00:00', '{\"user_id\":99,\"type\":\"spt\",\"jenis\":\"pengawasan\",\"spt_id\":123}', '2020-12-21 18:41:04', '2020-12-21 18:41:04'),
(181, 'Reviu (DAK) Fisik', '2020-11-30 00:00:00', '2020-12-04 00:00:00', '{\"user_id\":99,\"type\":\"spt\",\"jenis\":\"pengawasan\",\"spt_id\":124}', '2020-12-21 18:43:30', '2020-12-21 18:43:30'),
(182, 'Reviu RKA', '2020-11-10 00:00:00', '2020-11-16 00:00:00', '{\"user_id\":99,\"type\":\"spt\",\"jenis\":\"pengawasan\",\"spt_id\":125}', '2020-12-21 18:50:08', '2020-12-21 18:50:08'),
(183, 'Reviu (DAK) Fisik', '2020-10-19 00:00:00', '2020-10-23 00:00:00', '{\"user_id\":99,\"type\":\"spt\",\"jenis\":\"pengawasan\",\"spt_id\":126}', '2020-12-21 18:52:29', '2020-12-21 18:52:29'),
(184, 'Reviu RKA', '2020-09-17 00:00:00', '2020-10-07 00:00:00', '{\"user_id\":99,\"type\":\"spt\",\"jenis\":\"pengawasan\",\"spt_id\":127}', '2020-12-21 18:56:06', '2020-12-21 18:56:06'),
(185, 'Reviu RKA', '2020-10-08 00:00:00', '2020-11-02 00:00:00', '{\"user_id\":99,\"type\":\"spt\",\"jenis\":\"pengawasan\",\"spt_id\":128}', '2020-12-21 18:59:14', '2020-12-21 18:59:14'),
(186, 'Reviu RKA', '2020-11-03 00:00:00', '2020-11-16 00:00:00', '{\"user_id\":99,\"type\":\"spt\",\"jenis\":\"pengawasan\",\"spt_id\":129}', '2020-12-21 19:01:02', '2020-12-21 19:01:02'),
(187, 'Reviu RKA', '2020-09-17 00:00:00', '2020-10-07 00:00:00', '{\"user_id\":99,\"type\":\"spt\",\"jenis\":\"pengawasan\",\"spt_id\":131}', '2020-12-21 19:12:05', '2020-12-21 19:12:05'),
(188, 'Reviu RKA', '2020-10-08 00:00:00', '2020-11-02 00:00:00', '{\"user_id\":99,\"type\":\"spt\",\"jenis\":\"pengawasan\",\"spt_id\":132}', '2020-12-21 19:14:11', '2020-12-21 19:14:11'),
(189, 'Reviu RKA', '2020-11-03 00:00:00', '2020-11-16 00:00:00', '{\"user_id\":99,\"type\":\"spt\",\"jenis\":\"pengawasan\",\"spt_id\":133}', '2020-12-21 19:18:40', '2020-12-21 19:18:40'),
(190, 'Reviu RKA', '2020-09-17 00:00:00', '2020-10-07 00:00:00', '{\"user_id\":99,\"type\":\"spt\",\"jenis\":\"pengawasan\",\"spt_id\":134}', '2020-12-21 19:25:28', '2020-12-21 19:25:28'),
(191, 'Reviu RKA', '2020-10-08 00:00:00', '2020-11-02 00:00:00', '{\"user_id\":99,\"type\":\"spt\",\"jenis\":\"pengawasan\",\"spt_id\":135}', '2020-12-21 19:28:13', '2020-12-21 19:28:13'),
(192, 'Reviu RKA', '2020-11-03 00:00:00', '2020-11-16 00:00:00', '{\"user_id\":99,\"type\":\"spt\",\"jenis\":\"pengawasan\",\"spt_id\":136}', '2020-12-21 19:32:19', '2020-12-21 19:32:19'),
(193, 'Reviu RKA', '2020-09-17 00:00:00', '2020-10-07 00:00:00', '{\"user_id\":99,\"type\":\"spt\",\"jenis\":\"pengawasan\",\"spt_id\":137}', '2020-12-21 19:41:23', '2020-12-21 19:41:23'),
(194, 'Reviu RKA', '2020-10-08 00:00:00', '2020-11-02 00:00:00', '{\"user_id\":99,\"type\":\"spt\",\"jenis\":\"pengawasan\",\"spt_id\":138}', '2020-12-21 19:43:19', '2020-12-21 19:43:19'),
(195, 'Reviu RKA', '2020-11-03 00:00:00', '2020-11-16 00:00:00', '{\"user_id\":99,\"type\":\"spt\",\"jenis\":\"pengawasan\",\"spt_id\":139}', '2020-12-21 19:46:19', '2020-12-21 19:46:19'),
(196, 'Reviu RKAP', '2020-09-25 00:00:00', '2020-10-01 00:00:00', '{\"user_id\":99,\"type\":\"spt\",\"jenis\":\"pengawasan\",\"spt_id\":140}', '2020-12-21 19:50:24', '2020-12-21 19:50:24'),
(197, 'Reviu RKA', '2020-11-05 00:00:00', '2020-11-13 00:00:00', '{\"user_id\":99,\"type\":\"spt\",\"jenis\":\"pengawasan\",\"spt_id\":141}', '2020-12-21 19:54:50', '2020-12-21 19:54:50'),
(198, 'Reviu RKA', '2020-09-24 00:00:00', '2020-10-07 00:00:00', '{\"user_id\":99,\"type\":\"spt\",\"jenis\":\"pengawasan\",\"spt_id\":142}', '2020-12-21 19:57:51', '2020-12-21 19:57:51'),
(199, 'Reviu RKA', '2020-10-08 00:00:00', '2020-10-21 00:00:00', '{\"user_id\":99,\"type\":\"spt\",\"jenis\":\"pengawasan\",\"spt_id\":143}', '2020-12-21 20:00:37', '2020-12-21 20:00:37'),
(200, 'Reviu RKA', '2020-10-22 00:00:00', '2020-11-04 00:00:00', '{\"user_id\":99,\"type\":\"spt\",\"jenis\":\"pengawasan\",\"spt_id\":144}', '2020-12-21 20:03:06', '2020-12-21 20:03:06'),
(201, 'Reviu RKA', '2020-09-24 00:00:00', '2020-10-07 00:00:00', '{\"user_id\":99,\"type\":\"spt\",\"jenis\":\"pengawasan\",\"spt_id\":145}', '2020-12-21 20:07:25', '2020-12-21 20:07:25'),
(202, 'Reviu RKA', '2020-11-05 00:00:00', '2020-11-13 00:00:00', '{\"user_id\":99,\"type\":\"spt\",\"jenis\":\"pengawasan\",\"spt_id\":146}', '2020-12-21 20:10:48', '2020-12-21 20:10:48'),
(203, 'Reviu RKA', '2020-10-22 00:00:00', '2020-11-04 00:00:00', '{\"user_id\":99,\"type\":\"spt\",\"jenis\":\"pengawasan\",\"spt_id\":147}', '2020-12-21 20:13:04', '2020-12-21 20:13:04'),
(204, 'Reviu RKA', '2020-10-08 00:00:00', '2020-10-21 00:00:00', '{\"user_id\":99,\"type\":\"spt\",\"jenis\":\"pengawasan\",\"spt_id\":148}', '2020-12-21 20:16:18', '2020-12-21 20:16:18'),
(205, 'Reviu RKA', '2020-09-24 00:00:00', '2020-10-07 00:00:00', '{\"user_id\":99,\"type\":\"spt\",\"jenis\":\"pengawasan\",\"spt_id\":149}', '2020-12-21 20:20:59', '2020-12-21 20:20:59'),
(206, 'Reviu RKA', '2020-10-08 00:00:00', '2020-10-21 00:00:00', '{\"user_id\":99,\"type\":\"spt\",\"jenis\":\"pengawasan\",\"spt_id\":150}', '2020-12-21 20:25:00', '2020-12-21 20:25:00'),
(207, 'Reviu RKA', '2020-11-05 00:00:00', '2020-11-13 00:00:00', '{\"user_id\":99,\"type\":\"spt\",\"jenis\":\"pengawasan\",\"spt_id\":151}', '2020-12-21 20:27:14', '2020-12-21 20:27:14'),
(208, 'Reviu RKA', '2020-10-22 00:00:00', '2020-11-04 00:00:00', '{\"user_id\":99,\"type\":\"spt\",\"jenis\":\"pengawasan\",\"spt_id\":152}', '2020-12-21 20:30:04', '2020-12-21 20:30:04'),
(209, 'Reviu RKA', '2020-09-24 00:00:00', '2020-10-07 00:00:00', '{\"user_id\":99,\"type\":\"spt\",\"jenis\":\"pengawasan\",\"spt_id\":153}', '2020-12-21 20:33:59', '2020-12-21 20:33:59'),
(210, 'Reviu RKA', '2020-10-08 00:00:00', '2020-10-21 00:00:00', '{\"user_id\":99,\"type\":\"spt\",\"jenis\":\"pengawasan\",\"spt_id\":154}', '2020-12-21 20:36:07', '2020-12-21 20:36:07'),
(211, 'Reviu RKA', '2020-10-22 00:00:00', '2020-11-04 00:00:00', '{\"user_id\":99,\"type\":\"spt\",\"jenis\":\"pengawasan\",\"spt_id\":155}', '2020-12-21 20:38:10', '2020-12-21 20:38:10'),
(212, 'Reviu RKA', '2020-11-05 00:00:00', '2020-11-13 00:00:00', '{\"user_id\":99,\"type\":\"spt\",\"jenis\":\"pengawasan\",\"spt_id\":156}', '2020-12-21 20:40:45', '2020-12-21 20:40:45'),
(213, 'Reviu RKAP', '2020-09-10 00:00:00', '2020-09-16 00:00:00', '{\"user_id\":99,\"type\":\"spt\",\"jenis\":\"pengawasan\",\"spt_id\":157}', '2020-12-21 21:21:14', '2020-12-21 21:21:14'),
(214, 'Reviu RKAP', '2020-09-10 00:00:00', '2020-09-16 00:00:00', '{\"user_id\":99,\"type\":\"spt\",\"jenis\":\"pengawasan\",\"spt_id\":158}', '2020-12-21 21:23:37', '2020-12-21 21:23:37'),
(215, 'Reviu RKAP', '2020-09-10 00:00:00', '2020-09-16 00:00:00', '{\"user_id\":99,\"type\":\"spt\",\"jenis\":\"pengawasan\",\"spt_id\":159}', '2020-12-21 21:26:30', '2020-12-21 21:26:30'),
(216, 'Reviu RKAP', '2020-09-10 00:00:00', '2020-09-16 00:00:00', '{\"user_id\":99,\"type\":\"spt\",\"jenis\":\"pengawasan\",\"spt_id\":160}', '2020-12-21 21:29:52', '2020-12-21 21:29:52'),
(217, 'Riktu', '2020-11-25 00:00:00', '2020-12-03 00:00:00', '{\"user_id\":99,\"type\":\"spt\",\"jenis\":\"pengawasan\",\"spt_id\":162}', '2020-12-28 21:35:44', '2020-12-28 21:35:44'),
(218, 'Riktu', '2020-11-25 00:00:00', '2020-12-03 00:00:00', '{\"user_id\":99,\"type\":\"spt\",\"jenis\":\"pengawasan\",\"spt_id\":163}', '2020-12-28 21:38:06', '2020-12-28 21:38:06'),
(219, 'TGR', '2020-11-23 00:00:00', '2020-11-27 00:00:00', '{\"user_id\":99,\"type\":\"spt\",\"jenis\":\"pengawasan\",\"spt_id\":164}', '2020-12-28 21:46:44', '2020-12-28 21:46:44'),
(220, 'TGR', '2020-11-23 00:00:00', '2020-11-27 00:00:00', '{\"user_id\":99,\"type\":\"spt\",\"jenis\":\"pengawasan\",\"spt_id\":165}', '2020-12-28 21:51:13', '2020-12-28 21:51:13'),
(221, 'TGR', '2020-11-23 00:00:00', '2020-11-27 00:00:00', '{\"user_id\":99,\"type\":\"spt\",\"jenis\":\"pengawasan\",\"spt_id\":166}', '2020-12-28 21:54:16', '2020-12-28 21:54:16'),
(222, 'TGR', '2020-11-30 00:00:00', '2020-12-04 00:00:00', '{\"user_id\":99,\"type\":\"spt\",\"jenis\":\"pengawasan\",\"spt_id\":167}', '2020-12-28 22:00:41', '2020-12-28 22:00:41'),
(223, 'TGR', '2020-12-15 00:00:00', '2020-12-21 00:00:00', '{\"user_id\":99,\"type\":\"spt\",\"jenis\":\"pengawasan\",\"spt_id\":168}', '2020-12-28 22:11:07', '2020-12-28 22:11:07'),
(224, 'TGR', '2020-12-15 00:00:00', '2020-12-21 00:00:00', '{\"user_id\":99,\"type\":\"spt\",\"jenis\":\"pengawasan\",\"spt_id\":169}', '2020-12-28 22:14:31', '2020-12-28 22:14:31'),
(225, 'TGR', '2020-12-15 00:00:00', '2020-12-21 00:00:00', '{\"user_id\":99,\"type\":\"spt\",\"jenis\":\"pengawasan\",\"spt_id\":170}', '2020-12-28 22:18:00', '2020-12-28 22:18:00'),
(226, 'TGR', '2020-12-22 00:00:00', '2020-12-30 00:00:00', '{\"user_id\":99,\"type\":\"spt\",\"jenis\":\"pengawasan\",\"spt_id\":171}', '2020-12-28 22:22:56', '2020-12-28 22:22:56'),
(227, 'TGR', '2020-12-22 00:00:00', '2020-12-30 00:00:00', '{\"user_id\":99,\"type\":\"spt\",\"jenis\":\"pengawasan\",\"spt_id\":172}', '2020-12-28 22:26:12', '2020-12-28 22:26:12'),
(228, 'TGR', '2020-12-22 00:00:00', '2020-12-30 00:00:00', '{\"user_id\":99,\"type\":\"spt\",\"jenis\":\"pengawasan\",\"spt_id\":173}', '2020-12-28 22:38:53', '2020-12-28 22:38:53'),
(229, 'TGR', '2020-12-22 00:00:00', '2020-12-30 00:00:00', '{\"user_id\":99,\"type\":\"spt\",\"jenis\":\"pengawasan\",\"spt_id\":174}', '2020-12-28 22:41:31', '2020-12-28 22:41:31'),
(230, 'Riktu', '2020-11-16 00:00:00', '2020-11-24 00:00:00', '{\"user_id\":99,\"type\":\"spt\",\"jenis\":\"pengawasan\",\"spt_id\":175}', '2020-12-28 22:45:16', '2020-12-28 22:45:16'),
(231, 'Riktu', '2020-11-16 00:00:00', '2020-11-24 00:00:00', '{\"user_id\":99,\"type\":\"spt\",\"jenis\":\"pengawasan\",\"spt_id\":176}', '2020-12-28 22:47:11', '2020-12-28 22:47:11'),
(232, 'Riktu', '2020-09-28 00:00:00', '2020-10-02 00:00:00', '{\"user_id\":99,\"type\":\"spt\",\"jenis\":\"pengawasan\",\"spt_id\":177}', '2020-12-28 22:51:00', '2020-12-28 22:51:00'),
(233, 'TGR', '2020-12-07 00:00:00', '2020-12-14 00:00:00', '{\"user_id\":99,\"type\":\"spt\",\"jenis\":\"pengawasan\",\"spt_id\":161}', '2020-12-28 23:29:04', '2020-12-28 23:29:04'),
(234, 'TGR', '2020-12-07 00:00:00', '2020-12-14 00:00:00', '{\"user_id\":99,\"type\":\"spt\",\"jenis\":\"pengawasan\",\"spt_id\":179}', '2020-12-28 23:32:07', '2020-12-28 23:32:07'),
(235, 'TGR', '2020-12-07 00:00:00', '2020-12-14 00:00:00', '{\"user_id\":99,\"type\":\"spt\",\"jenis\":\"pengawasan\",\"spt_id\":180}', '2020-12-28 23:34:55', '2020-12-28 23:34:55'),
(236, 'Riktu', '2020-12-04 00:00:00', '2020-12-15 00:00:00', '{\"user_id\":99,\"type\":\"spt\",\"jenis\":\"pengawasan\",\"spt_id\":181}', '2020-12-28 23:48:17', '2020-12-28 23:48:17'),
(237, 'Riktu', '2020-12-04 00:00:00', '2020-12-15 00:00:00', '{\"user_id\":99,\"type\":\"spt\",\"jenis\":\"pengawasan\",\"spt_id\":182}', '2020-12-28 23:50:21', '2020-12-28 23:50:21'),
(238, 'Reviu RKPD', '2020-07-01 00:00:00', '2020-07-21 00:00:00', '{\"user_id\":99,\"type\":\"spt\",\"jenis\":\"pengawasan\",\"spt_id\":183}', '2020-12-29 00:05:30', '2020-12-29 00:05:30'),
(239, 'Reviu RKPD', '2020-07-01 00:00:00', '2020-07-21 00:00:00', '{\"user_id\":99,\"type\":\"spt\",\"jenis\":\"pengawasan\",\"spt_id\":184}', '2020-12-29 00:09:52', '2020-12-29 00:09:52'),
(240, 'Reviu RKPD', '2020-07-01 00:00:00', '2020-07-21 00:00:00', '{\"user_id\":99,\"type\":\"spt\",\"jenis\":\"pengawasan\",\"spt_id\":185}', '2020-12-29 00:13:40', '2020-12-29 00:13:40'),
(241, 'Reviu RKPD', '2020-07-01 00:00:00', '2020-07-21 00:00:00', '{\"user_id\":99,\"type\":\"spt\",\"jenis\":\"pengawasan\",\"spt_id\":186}', '2020-12-29 00:17:13', '2020-12-29 00:17:13'),
(242, 'Evaluasi Serapan Anggaran', '2020-11-17 00:00:00', '2020-11-20 00:00:00', '{\"user_id\":99,\"type\":\"spt\",\"jenis\":\"pengawasan\",\"spt_id\":187}', '2020-12-29 00:30:14', '2020-12-29 00:30:14'),
(243, 'Evaluasi Serapan Anggaran', '2020-11-17 00:00:00', '2020-11-20 00:00:00', '{\"user_id\":99,\"type\":\"spt\",\"jenis\":\"pengawasan\",\"spt_id\":188}', '2020-12-29 00:33:40', '2020-12-29 00:33:40'),
(244, 'Evaluasi Serapan Anggaran', '2020-11-17 00:00:00', '2020-11-20 00:00:00', '{\"user_id\":99,\"type\":\"spt\",\"jenis\":\"pengawasan\",\"spt_id\":189}', '2020-12-29 00:35:22', '2020-12-29 00:35:22'),
(245, 'Evaluasi Serapan Anggaran', '2020-11-17 00:00:00', '2020-11-20 00:00:00', '{\"user_id\":99,\"type\":\"spt\",\"jenis\":\"pengawasan\",\"spt_id\":190}', '2020-12-29 00:38:11', '2020-12-29 00:38:11'),
(246, 'Monitoring', '2020-07-06 00:00:00', '2020-07-24 00:00:00', '{\"user_id\":99,\"type\":\"spt\",\"jenis\":\"pengawasan\",\"spt_id\":191}', '2020-12-29 00:49:51', '2020-12-29 00:49:51'),
(247, 'Monitoring', '2020-07-06 00:00:00', '2020-07-24 00:00:00', '{\"user_id\":99,\"type\":\"spt\",\"jenis\":\"pengawasan\",\"spt_id\":192}', '2020-12-29 00:54:09', '2020-12-29 00:54:09'),
(248, 'Monitoring', '2020-07-06 00:00:00', '2020-07-24 00:00:00', '{\"user_id\":99,\"type\":\"spt\",\"jenis\":\"pengawasan\",\"spt_id\":193}', '2020-12-29 00:58:56', '2020-12-29 00:58:56'),
(249, 'Monitoring', '2020-07-06 00:00:00', '2020-07-24 00:00:00', '{\"user_id\":99,\"type\":\"spt\",\"jenis\":\"pengawasan\",\"spt_id\":194}', '2020-12-29 01:02:03', '2020-12-29 01:02:03'),
(250, 'PILKADA', '2020-12-09 00:00:00', '2020-12-10 00:00:00', NULL, '2020-12-29 04:33:35', '2020-12-29 04:33:35');

-- --------------------------------------------------------

--
-- Table structure for table `media`
--

CREATE TABLE `media` (
  `id` int(10) UNSIGNED NOT NULL,
  `model_type` varchar(191) COLLATE utf8mb4_unicode_ci NOT NULL,
  `model_id` bigint(20) UNSIGNED NOT NULL,
  `collection_name` varchar(191) COLLATE utf8mb4_unicode_ci NOT NULL,
  `name` varchar(191) COLLATE utf8mb4_unicode_ci NOT NULL,
  `file_name` varchar(191) COLLATE utf8mb4_unicode_ci NOT NULL,
  `mime_type` varchar(191) COLLATE utf8mb4_unicode_ci DEFAULT NULL,
  `disk` varchar(191) COLLATE utf8mb4_unicode_ci NOT NULL,
  `size` int(10) UNSIGNED NOT NULL,
  `manipulations` longtext CHARACTER SET utf8mb4 COLLATE utf8mb4_bin NOT NULL,
  `custom_properties` longtext CHARACTER SET utf8mb4 COLLATE utf8mb4_bin NOT NULL,
  `responsive_images` longtext CHARACTER SET utf8mb4 COLLATE utf8mb4_bin NOT NULL,
  `order_column` int(10) UNSIGNED DEFAULT NULL,
  `created_at` timestamp NULL DEFAULT NULL,
  `updated_at` timestamp NULL DEFAULT NULL
) ENGINE=MyISAM DEFAULT CHARSET=utf8mb4 COLLATE=utf8mb4_unicode_ci;

-- --------------------------------------------------------

--
-- Table structure for table `migrations`
--

CREATE TABLE `migrations` (
  `id` int(10) UNSIGNED NOT NULL,
  `migration` varchar(191) COLLATE utf8mb4_unicode_ci NOT NULL,
  `batch` int(11) NOT NULL
) ENGINE=MyISAM DEFAULT CHARSET=utf8mb4 COLLATE=utf8mb4_unicode_ci;

-- --------------------------------------------------------

--
-- Table structure for table `model_has_permissions`
--

CREATE TABLE `model_has_permissions` (
  `permission_id` int(10) UNSIGNED NOT NULL,
  `model_type` varchar(191) COLLATE utf8mb4_unicode_ci NOT NULL,
  `model_id` bigint(20) UNSIGNED NOT NULL
) ENGINE=MyISAM DEFAULT CHARSET=utf8mb4 COLLATE=utf8mb4_unicode_ci;

-- --------------------------------------------------------

--
-- Table structure for table `model_has_roles`
--

CREATE TABLE `model_has_roles` (
  `role_id` int(10) UNSIGNED NOT NULL,
  `model_type` varchar(191) COLLATE utf8mb4_unicode_ci NOT NULL,
  `model_id` bigint(20) UNSIGNED NOT NULL
) ENGINE=MyISAM DEFAULT CHARSET=utf8mb4 COLLATE=utf8mb4_unicode_ci;

--
-- Dumping data for table `model_has_roles`
--

INSERT INTO `model_has_roles` (`role_id`, `model_type`, `model_id`) VALUES
(1, 'App\\User', 5),
(1, 'App\\User', 6),
(14, 'App\\User', 19),
(16, 'App\\User', 22),
(17, 'App\\User', 23),
(18, 'App\\User', 20);

-- --------------------------------------------------------

--
-- Table structure for table `password_resets`
--

CREATE TABLE `password_resets` (
  `email` varchar(191) COLLATE utf8mb4_unicode_ci NOT NULL,
  `token` varchar(191) COLLATE utf8mb4_unicode_ci NOT NULL,
  `created_at` timestamp NULL DEFAULT NULL
) ENGINE=MyISAM DEFAULT CHARSET=utf8mb4 COLLATE=utf8mb4_unicode_ci;

-- --------------------------------------------------------

--
-- Table structure for table `permissions`
--

CREATE TABLE `permissions` (
  `id` int(10) UNSIGNED NOT NULL,
  `name` varchar(191) COLLATE utf8mb4_unicode_ci NOT NULL,
  `guard_name` varchar(191) COLLATE utf8mb4_unicode_ci NOT NULL,
  `created_at` timestamp NULL DEFAULT NULL,
  `updated_at` timestamp NULL DEFAULT NULL
) ENGINE=MyISAM DEFAULT CHARSET=utf8mb4 COLLATE=utf8mb4_unicode_ci;

--
-- Dumping data for table `permissions`
--

INSERT INTO `permissions` (`id`, `name`, `guard_name`, `created_at`, `updated_at`) VALUES
(1, 'Administer roles & permissions', 'web', '2019-05-16 01:51:30', '2019-05-16 01:51:30'),
(2, 'Access admin page', 'web', '2019-05-16 01:51:30', '2019-05-16 01:51:30'),
(11, 'View Salary List', 'web', '2022-03-09 10:31:19', '2022-03-09 10:31:19'),
(12, 'Upload Salary List', 'web', '2022-03-09 10:31:35', '2022-03-09 10:31:35'),
(13, 'Edit Salary List', 'web', '2022-03-09 10:31:45', '2022-03-09 17:25:56'),
(16, 'Add employees', 'web', '2022-03-12 10:06:05', '2022-03-12 10:07:31'),
(17, 'Update Employee', 'web', '2022-03-12 10:06:18', '2022-03-12 10:06:18'),
(18, 'Change employee status', 'web', '2022-03-12 10:06:36', '2022-03-12 10:06:36'),
(19, 'View employees list', 'web', '2022-03-12 10:07:02', '2022-03-12 10:07:02'),
(20, 'View own salary', 'web', '2022-03-12 10:08:57', '2022-03-12 10:08:57'),
(21, 'yo', 'web', '2022-03-30 02:18:09', '2022-03-30 02:18:09');

-- --------------------------------------------------------

--
-- Table structure for table `roles`
--

CREATE TABLE `roles` (
  `id` int(10) UNSIGNED NOT NULL,
  `name` varchar(191) COLLATE utf8mb4_unicode_ci NOT NULL,
  `guard_name` varchar(191) COLLATE utf8mb4_unicode_ci NOT NULL,
  `created_at` timestamp NULL DEFAULT NULL,
  `updated_at` timestamp NULL DEFAULT NULL
) ENGINE=MyISAM DEFAULT CHARSET=utf8mb4 COLLATE=utf8mb4_unicode_ci;

--
-- Dumping data for table `roles`
--

INSERT INTO `roles` (`id`, `name`, `guard_name`, `created_at`, `updated_at`) VALUES
(1, 'Super Admin', 'web', '2019-05-16 01:51:30', '2019-05-19 13:01:02'),
(16, 'HR Staff', 'web', '2022-03-12 10:08:32', '2022-03-12 10:08:32'),
(14, 'HR Manager', 'web', '2022-03-09 10:39:44', '2022-03-09 10:39:44'),
(17, 'Collection Staff', 'web', '2022-03-12 10:09:52', '2022-03-12 10:10:37'),
(18, 'Collection Manager', 'web', '2022-03-12 10:11:08', '2022-03-12 10:11:08');

-- --------------------------------------------------------

--
-- Table structure for table `role_has_permissions`
--

CREATE TABLE `role_has_permissions` (
  `permission_id` int(10) UNSIGNED NOT NULL,
  `role_id` int(10) UNSIGNED NOT NULL
) ENGINE=MyISAM DEFAULT CHARSET=utf8mb4 COLLATE=utf8mb4_unicode_ci;

--
-- Dumping data for table `role_has_permissions`
--

INSERT INTO `role_has_permissions` (`permission_id`, `role_id`) VALUES
(1, 1),
(1, 10),
(2, 1),
(2, 3),
(2, 4),
(2, 5),
(2, 6),
(2, 9),
(2, 10),
(2, 14),
(2, 16),
(2, 17),
(2, 18),
(11, 14),
(12, 14),
(13, 14),
(16, 16),
(17, 16),
(18, 16),
(19, 16),
(19, 18),
(20, 17),
(20, 18);

-- --------------------------------------------------------

--
-- Table structure for table `salary`
--

CREATE TABLE `salary` (
  `id` int(11) NOT NULL,
  `employee_id` varchar(255) DEFAULT NULL,
  `gaji_pokok` int(11) DEFAULT NULL,
  `tunjangan_jabatan` int(11) DEFAULT NULL,
  `tunjangan_makan` int(11) DEFAULT NULL,
  `tunjangan_transport` int(11) DEFAULT NULL,
  `loyal_reward` int(11) DEFAULT NULL,
  `overtime` int(11) DEFAULT NULL,
  `interview` int(11) DEFAULT NULL,
  `apptending` int(11) DEFAULT NULL,
  `rapel` int(11) DEFAULT NULL,
  `late_reduce` int(11) DEFAULT NULL,
  `permit_reduce` int(11) DEFAULT NULL,
  `absent_reduce` int(11) DEFAULT NULL,
  `other_reduce` int(11) DEFAULT NULL,
  `cash_advance_reduce` int(11) DEFAULT NULL,
  `bpjs_tk` int(11) DEFAULT NULL,
  `bpjs_ks` int(11) DEFAULT NULL,
  `pph_21` int(11) DEFAULT NULL,
  `salary_periode` timestamp NULL DEFAULT NULL,
  `created_at` timestamp NOT NULL,
  `updated_at` timestamp NOT NULL
) ENGINE=InnoDB DEFAULT CHARSET=latin1;

--
-- Dumping data for table `salary`
--

INSERT INTO `salary` (`id`, `employee_id`, `gaji_pokok`, `tunjangan_jabatan`, `tunjangan_makan`, `tunjangan_transport`, `loyal_reward`, `overtime`, `interview`, `apptending`, `rapel`, `late_reduce`, `permit_reduce`, `absent_reduce`, `other_reduce`, `cash_advance_reduce`, `bpjs_tk`, `bpjs_ks`, `pph_21`, `salary_periode`, `created_at`, `updated_at`) VALUES
(1, 'ID-SSS1', 4500000, 100000, 100000, 100000, 100000, 100000, 100000, NULL, 100000, 40000, 50000, 50000, 50000, 50000, 50000, 50000, 50000, '2022-06-06 22:00:00', '2022-03-07 09:46:22', '2022-03-07 09:46:22'),
(2, 'ID-SSS13', 4500000, 100000, 100000, 100000, 100000, 100000, 100000, NULL, 100000, 40000, 50000, 50000, 50000, 50000, 50000, 50000, 50000, '2022-06-06 22:00:00', '2022-03-07 09:46:22', '2022-03-07 09:46:22'),
(3, 'ID-SSS25', 4500000, 100000, 100000, 100000, 100000, 100000, 100000, NULL, 100000, 40000, 50000, 50000, 50000, 50000, 50000, 50000, 50000, '2022-06-06 22:00:00', '2022-03-07 09:46:22', '2022-03-07 09:46:22'),
(4, 'IDSSS1', 4500000, 100000, 100000, 100000, 100000, 100000, 100000, NULL, 100000, 40000, 50000, 50000, 50000, 50000, 50000, 50000, 50000, '2022-01-08 23:00:00', '2022-03-09 10:11:57', '2022-03-09 10:11:57');

-- --------------------------------------------------------

--
-- Table structure for table `users`
--

CREATE TABLE `users` (
  `id` int(20) UNSIGNED NOT NULL,
  `employee_id` varchar(255) COLLATE utf8mb4_unicode_ci DEFAULT NULL,
  `ktp` varchar(25) COLLATE utf8mb4_unicode_ci DEFAULT NULL,
  `kk` int(11) DEFAULT NULL,
  `passport` varchar(25) COLLATE utf8mb4_unicode_ci DEFAULT NULL,
  `npwp` int(11) DEFAULT NULL,
  `fullname` varchar(50) COLLATE utf8mb4_unicode_ci DEFAULT NULL,
  `address` varchar(255) COLLATE utf8mb4_unicode_ci DEFAULT NULL,
  `tempat_lahir` varchar(50) COLLATE utf8mb4_unicode_ci DEFAULT NULL,
  `tanggal_lahir` date DEFAULT NULL,
  `email` varchar(191) COLLATE utf8mb4_unicode_ci NOT NULL,
  `phone` varchar(191) COLLATE utf8mb4_unicode_ci DEFAULT NULL,
  `jabatan` varchar(50) COLLATE utf8mb4_unicode_ci DEFAULT NULL,
  `divisi` varchar(25) COLLATE utf8mb4_unicode_ci DEFAULT NULL,
  `agama` varchar(10) COLLATE utf8mb4_unicode_ci DEFAULT NULL,
  `status_pernikahan` varchar(15) COLLATE utf8mb4_unicode_ci DEFAULT NULL,
  `kewarganegaraan` varchar(10) COLLATE utf8mb4_unicode_ci DEFAULT NULL,
  `golongan_darah` varchar(10) COLLATE utf8mb4_unicode_ci DEFAULT NULL,
  `sosmed` varchar(20) COLLATE utf8mb4_unicode_ci DEFAULT NULL,
  `user_status` varchar(20) COLLATE utf8mb4_unicode_ci DEFAULT 'aktif',
  `note` longtext CHARACTER SET utf8mb4 COLLATE utf8mb4_bin,
  `password` varchar(191) COLLATE utf8mb4_unicode_ci NOT NULL,
  `email_verified_at` timestamp NULL DEFAULT NULL,
  `remember_token` varchar(100) COLLATE utf8mb4_unicode_ci DEFAULT NULL,
  `created_at` timestamp NULL DEFAULT NULL,
  `updated_at` timestamp NULL DEFAULT NULL
) ENGINE=MyISAM DEFAULT CHARSET=utf8mb4 COLLATE=utf8mb4_unicode_ci;

--
-- Dumping data for table `users`
--

INSERT INTO `users` (`id`, `employee_id`, `ktp`, `kk`, `passport`, `npwp`, `fullname`, `address`, `tempat_lahir`, `tanggal_lahir`, `email`, `phone`, `jabatan`, `divisi`, `agama`, `status_pernikahan`, `kewarganegaraan`, `golongan_darah`, `sosmed`, `user_status`, `note`, `password`, `email_verified_at`, `remember_token`, `created_at`, `updated_at`) VALUES
(6, 'ID-SSS1', '0000000001', 1, '0000000001', 1, 'Super Admin', NULL, NULL, NULL, 'admin@local.host', NULL, 'Super Admin', NULL, NULL, NULL, NULL, NULL, NULL, 'aktif', NULL, '$2y$10$5.6Cs4VHw0doRvG6pIPYT.Ygrx2VV7J4nFdHD1U66McsvwL2DTpdO', NULL, NULL, NULL, NULL),
(23, 'ID-SSS6', '00009', 9, '00009', 9, 'abdi', '{\"domisili\":\"sby\",\"ktp\":\"sby\"}', 'sby', '2022-04-05', 'abdi@gmail.com', '{\"rumah\":\"031\",\"hp\":\"0812\"}', '17', 'Collection', 'Islam', 'Belum Menikah', 'indonesia', NULL, 'abdi', 'aktif', '{\"note1\":\"asdsad\"}', '$2y$10$Sxh8CcBSFRjEcjrZjLhfxuItu8alWMRBQ.CywCcsUO8LdAsQkUuDO', NULL, NULL, '2022-04-01 02:41:16', '2022-04-03 08:25:34'),
(22, 'ID-SSS5', '44444', 44444, '44444', 44444, 'yonkou HR staff', '{\"domisili\":\"east blue\",\"ktp\":\"east blue\"}', 'surabaya', '2022-04-27', 'yon@gmail.com', '{\"rumah\":\"031\",\"hp\":\"08211\"}', '16', 'HRD', 'Islam', 'Belum Menikah', 'Indonesia', NULL, 'sss', 'aktif', NULL, '$2y$10$abQ901vmPox24W8yg2RYYeeJaavA8D5/4nKcOuSoFaK4JQq7axrTa', NULL, NULL, '2022-04-01 01:55:34', '2022-04-01 01:55:34'),
(20, 'ID-SSS3', '3333333', 333333333, '67564', 333333333, 'Collection Manager', '{\"domisili\":\"aaaaasdasdasdas\",\"ktp\":\"aaaaasdasdasdas\"}', 'surabaya', '1970-01-01', 'asdasdasa@gmail.com', '{\"rumah\":123123,\"hp\":123123}', '18', NULL, 'islam', 'belum menikah', 'indonesia', 'a', 'apa aja', 'aktif', NULL, '$2y$10$yoaYJQFHY30qP2UU3YXjyOYoHQSlq/QlV45kK/eEECjrIQmrDp85O', NULL, NULL, '2022-04-01 00:06:52', '2022-04-01 00:06:52'),
(19, 'ID-SSS2', '111111112', 11111112, NULL, NULL, 'HR Manager', '{\"domisili\":\"aaaaa\",\"ktp\":\"aaaa\"}', 'surabaya', '1970-01-01', 'aaaa@gmail.com', '{\"rumah\":31123,\"hp\":8123}', '14', NULL, 'islam', 'belum menikah', 'indonesia', 'a', 'apa aja', 'aktif', NULL, '$2y$10$7Mdaxw7J.6unD35v3y0xleI3LBNkdiwdpKHq7dPz5XOs/l6uMkABy', NULL, NULL, '2022-04-01 00:02:55', '2022-04-01 00:02:55');

--
-- Indexes for dumped tables
--

--
-- Indexes for table `events`
--
ALTER TABLE `events`
  ADD PRIMARY KEY (`id`);

--
-- Indexes for table `media`
--
ALTER TABLE `media`
  ADD PRIMARY KEY (`id`),
  ADD KEY `media_model_type_model_id_index` (`model_type`,`model_id`);

--
-- Indexes for table `migrations`
--
ALTER TABLE `migrations`
  ADD PRIMARY KEY (`id`);

--
-- Indexes for table `model_has_permissions`
--
ALTER TABLE `model_has_permissions`
  ADD PRIMARY KEY (`permission_id`,`model_id`,`model_type`),
  ADD KEY `model_has_permissions_model_id_model_type_index` (`model_id`,`model_type`);

--
-- Indexes for table `model_has_roles`
--
ALTER TABLE `model_has_roles`
  ADD PRIMARY KEY (`role_id`,`model_id`,`model_type`),
  ADD KEY `model_has_roles_model_id_model_type_index` (`model_id`,`model_type`);

--
-- Indexes for table `password_resets`
--
ALTER TABLE `password_resets`
  ADD KEY `password_resets_email_index` (`email`);

--
-- Indexes for table `permissions`
--
ALTER TABLE `permissions`
  ADD PRIMARY KEY (`id`);

--
-- Indexes for table `roles`
--
ALTER TABLE `roles`
  ADD PRIMARY KEY (`id`);

--
-- Indexes for table `role_has_permissions`
--
ALTER TABLE `role_has_permissions`
  ADD PRIMARY KEY (`permission_id`,`role_id`),
  ADD KEY `role_has_permissions_role_id_foreign` (`role_id`);

--
-- Indexes for table `users`
--
ALTER TABLE `users`
  ADD PRIMARY KEY (`id`);

--
-- AUTO_INCREMENT for dumped tables
--

--
-- AUTO_INCREMENT for table `events`
--
ALTER TABLE `events`
  MODIFY `id` int(10) UNSIGNED NOT NULL AUTO_INCREMENT, AUTO_INCREMENT=251;

--
-- AUTO_INCREMENT for table `media`
--
ALTER TABLE `media`
  MODIFY `id` int(10) UNSIGNED NOT NULL AUTO_INCREMENT;

--
-- AUTO_INCREMENT for table `migrations`
--
ALTER TABLE `migrations`
  MODIFY `id` int(10) UNSIGNED NOT NULL AUTO_INCREMENT;

--
-- AUTO_INCREMENT for table `permissions`
--
ALTER TABLE `permissions`
  MODIFY `id` int(10) UNSIGNED NOT NULL AUTO_INCREMENT, AUTO_INCREMENT=22;

--
-- AUTO_INCREMENT for table `roles`
--
ALTER TABLE `roles`
  MODIFY `id` int(10) UNSIGNED NOT NULL AUTO_INCREMENT, AUTO_INCREMENT=19;

--
-- AUTO_INCREMENT for table `users`
--
ALTER TABLE `users`
  MODIFY `id` int(20) UNSIGNED NOT NULL AUTO_INCREMENT, AUTO_INCREMENT=24;
COMMIT;

/*!40101 SET CHARACTER_SET_CLIENT=@OLD_CHARACTER_SET_CLIENT */;
/*!40101 SET CHARACTER_SET_RESULTS=@OLD_CHARACTER_SET_RESULTS */;
/*!40101 SET COLLATION_CONNECTION=@OLD_COLLATION_CONNECTION */;
